{"cameraMode":{"drawMode":0,"name":"Shaded","section":"Shading Mode"},"sceneLighting":true,"audioPlay":false,"sceneViewState":{"showFog":true,"showMaterialUpdate":false,"showSkybox":true,"showFlares":true,"showImageEffects":true,"showParticleSystems":true,"showVisualEffectGraphs":true,"m_FxEnabled":true},"in2DMode":false,"pivot":{"x":3.2451930046081545,"y":0.06643199920654297,"z":1.012360692024231},"rotation":{"x":0.16992996633052827,"y":0.5002115964889526,"z":-0.10082374513149262,"w":0.8430588841438294},"size":1.4895808696746827,"orthographic":false}